sentence_id,words,labels,dataset
0,We,O,train
0,are,O,train
0,leaving,O,train
0,for,O,train
0,vacation,O,train
0,on,O,train
0,July,B-DATE,train
0,5th,I-DATE,train
0,.,O,train
1,The,O,train
1,seminar,O,train
1,was,O,train
1,held,O,train
1,on,O,train
1,June,B-DATE,train
1,15th,I-DATE,train
1,.,O,train
2,She,O,train
2,will,O,train
2,submit,O,train
2,the,O,train
2,report,O,train
2,by,O,train
2,Monday,B-DATE,train
2,.,O,train
3,I,O,train
3,was,O,train
3,born,O,train
3,on,O,train
3,February,B-DATE,train
3,"14,",I-DATE,train
3,1990,I-DATE,train
3,.,O,train
4,They,O,train
4,got,O,train
4,married,O,train
4,in,O,train
4,September,B-DATE,train
4,2010,I-DATE,train
4,.,O,train
5,Our,O,train
5,next,O,train
5,meeting,O,train
5,is,O,train
5,scheduled,O,train
5,for,O,train
5,Thursday,B-DATE,train
5,.,O,train
6,The,O,train
6,contract,O,train
6,ends,O,train
6,on,O,train
6,December,B-DATE,train
6,"31st,",I-DATE,train
6,2025,I-DATE,train
6,.,O,train
7,He,O,valid
7,arrived,O,valid
7,two,O,valid
7,days,O,valid
7,before,O,valid
7,today,B-DATE,valid
7,.,O,valid
8,She,O,test
8,will,O,test
8,return,O,test
8,on,O,test
8,July,B-DATE,test
8,10th,I-DATE,test
8,.,O,test
9,The,O,train
9,training,O,train
9,session,O,train
9,starts,O,train
9,next,O,train
9,Tuesday,B-DATE,train
9,.,O,train
10,I,O,train
10,graduated,O,train
10,in,O,train
10,2015,B-DATE,train
10,.,O,train
11,We,O,train
11,launched,O,train
11,the,O,train
11,app,O,train
11,in,O,train
11,November,B-DATE,train
11,2024,I-DATE,train
11,.,O,train
12,The,O,train
12,last,O,train
12,update,O,train
12,was,O,train
12,pushed,O,train
12,on,O,train
12,June,B-DATE,train
12,20th,I-DATE,train
12,.,O,train
13,She,O,test
13,is,O,test
13,planning,O,test
13,a,O,test
13,party,O,test
13,for,O,test
13,next,B-DATE,test
13,Sunday,I-DATE,test
13,.,O,test
14,He,O,train
14,will,O,train
14,travel,O,train
14,abroad,O,train
14,in,O,train
14,August,B-DATE,train
14,.,O,train
15,Their,O,train
15,anniversary,O,train
15,is,O,train
15,July,B-DATE,train
15,14th,I-DATE,train
15,.,O,train
16,I,O,train
16,will,O,train
16,be,O,train
16,busy,O,train
16,during,O,train
16,the,O,train
16,first,O,train
16,week,O,train
16,of,O,train
16,July,B-DATE,train
16,.,O,train
17,She,O,valid
17,attended,O,valid
17,the,O,valid
17,conference,O,valid
17,last,O,valid
17,Saturday,B-DATE,valid
17,.,O,valid
18,Our,O,train
18,project,O,train
18,deadline,O,train
18,is,O,train
18,in,O,train
18,July,B-DATE,train
18,.,O,train
19,We’ll,O,valid
19,finalize,O,valid
19,the,O,valid
19,design,O,valid
19,by,O,valid
19,the,B-DATE,valid
19,end,I-DATE,valid
19,of,I-DATE,valid
19,this,I-DATE,valid
19,week,I-DATE,valid
19,.,O,valid
20,The,O,test
20,event,O,test
20,was,O,test
20,announced,O,test
20,on,O,test
20,May,B-DATE,test
20,12th,I-DATE,test
20,.,O,test
21,My,O,train
21,next,O,train
21,appointment,O,train
21,is,O,train
21,on,O,train
21,Wednesday,B-DATE,train
21,.,O,train
22,We,O,train
22,celebrated,O,train
22,her,O,train
22,birthday,O,train
22,in,O,train
22,December,B-DATE,train
22,2024,I-DATE,train
22,.,O,train
23,The,O,train
23,report,O,train
23,was,O,train
23,finalized,O,train
23,last,O,train
23,Friday,B-DATE,train
23,.,O,train
24,Our,O,train
24,tickets,O,train
24,are,O,train
24,for,O,train
24,July,B-DATE,train
24,4th,I-DATE,train
24,.,O,train
25,She,O,train
25,left,O,train
25,two,O,train
25,weeks,O,train
25,before,O,train
25,today,B-DATE,train
25,.,O,train
26,We’re,O,train
26,launching,O,train
26,the,O,train
26,campaign,O,train
26,in,O,train
26,September,B-DATE,train
26,.,O,train
27,The,O,test
27,exhibition,O,test
27,begins,O,test
27,on,O,test
27,August,B-DATE,test
27,15,I-DATE,test
27,.,O,test
28,He,O,train
28,got,O,train
28,his,O,train
28,driver’s,O,train
28,license,O,train
28,in,O,train
28,March,B-DATE,train
28,2018,I-DATE,train
28,.,O,train
29,Their,O,train
29,child,O,train
29,was,O,train
29,born,O,train
29,in,O,train
29,November,B-DATE,train
29,2023,I-DATE,train
29,.,O,train
30,We,O,train
30,started,O,train
30,the,O,train
30,project,O,train
30,on,O,train
30,May,B-DATE,train
30,1st,I-DATE,train
30,.,O,train
31,The,O,train
31,museum,O,train
31,opened,O,train
31,in,O,train
31,1995,B-DATE,train
31,.,O,train
32,He,O,train
32,left,O,train
32,on,O,train
32,June,B-DATE,train
32,10th,I-DATE,train
32,.,O,train
33,We,O,train
33,had,O,train
33,dinner,O,train
33,together,O,train
33,last,O,train
33,Sunday,B-DATE,train
33,.,O,train
34,Their,O,train
34,wedding,O,train
34,is,O,train
34,planned,O,train
34,for,O,train
34,October,B-DATE,train
34,10th,I-DATE,train
34,.,O,train
35,I,O,train
35,received,O,train
35,the,O,train
35,email,O,train
35,on,O,train
35,June,B-DATE,train
35,25,I-DATE,train
35,.,O,train
36,We’ll,O,train
36,start,O,train
36,the,O,train
36,trip,O,train
36,next,O,train
36,Sunday,B-DATE,train
36,.,O,train
37,She,O,train
37,graduated,O,train
37,on,O,train
37,June,B-DATE,train
37,"28,",I-DATE,train
37,2019,I-DATE,train
37,.,O,train
38,The,O,test
38,system,O,test
38,will,O,test
38,be,O,test
38,offline,O,test
38,on,O,test
38,July,B-DATE,test
38,8th,I-DATE,test
38,.,O,test
39,I,O,train
39,saw,O,train
39,him,O,train
39,last,O,train
39,Thursday,B-DATE,train
39,.,O,train
40,Her,O,train
40,visa,O,train
40,expires,O,train
40,in,O,train
40,March,B-DATE,train
40,2026,I-DATE,train
40,.,O,train
41,They,O,train
41,left,O,train
41,early,O,train
41,in,O,train
41,the,O,train
41,morning,O,train
41,on,O,train
41,June,B-DATE,train
41,18,I-DATE,train
41,.,O,train
42,He,O,train
42,published,O,train
42,the,O,train
42,article,O,train
42,in,O,train
42,2024,B-DATE,train
42,.,O,train
43,We,O,train
43,will,O,train
43,host,O,train
43,the,O,train
43,workshop,O,train
43,on,O,train
43,July,B-DATE,train
43,15th,I-DATE,train
43,.,O,train
44,The,O,train
44,newsletter,O,train
44,was,O,train
44,sent,O,train
44,out,O,train
44,on,O,train
44,June,B-DATE,train
44,24,I-DATE,train
44,.,O,train
45,She,O,train
45,moved,O,train
45,here,O,train
45,in,O,train
45,January,B-DATE,train
45,2022,I-DATE,train
45,.,O,train
46,The,O,train
46,school,O,train
46,year,O,train
46,ends,O,train
46,on,O,train
46,July,B-DATE,train
46,20th,I-DATE,train
46,.,O,train
47,I,O,train
47,last,O,train
47,visited,O,train
47,them,O,train
47,in,O,train
47,August,B-DATE,train
47,2020,I-DATE,train
47,.,O,train
48,We’ll,O,train
48,check,O,train
48,in,O,train
48,on,O,train
48,July,B-DATE,train
48,9th,I-DATE,train
48,.,O,train
49,The,O,train
49,book,O,train
49,was,O,train
49,released,O,train
49,in,O,train
49,October,B-DATE,train
49,2021,I-DATE,train
49,.,O,train
50,She,O,train
50,joined,O,train
50,the,O,train
50,company,O,train
50,in,O,train
50,April,B-DATE,train
50,2017,I-DATE,train
50,.,O,train
51,The,O,train
51,results,O,train
51,will,O,train
51,be,O,train
51,published,O,train
51,by,O,train
51,July,B-DATE,train
51,12th,I-DATE,train
51,.,O,train
52,He,O,test
52,will,O,test
52,visit,O,test
52,us,O,test
52,on,O,test
52,Tuesday,B-DATE,test
52,.,O,test
53,The,O,train
53,form,O,train
53,must,O,train
53,be,O,train
53,submitted,O,train
53,before,O,train
53,Thursday,B-DATE,train
53,.,O,train
54,Their,O,train
54,house,O,train
54,was,O,train
54,completed,O,train
54,in,O,train
54,May,B-DATE,train
54,2020,I-DATE,train
54,.,O,train
55,We,O,train
55,left,O,train
55,for,O,train
55,the,O,train
55,airport,O,train
55,on,O,train
55,June,B-DATE,train
55,29th,I-DATE,train
55,.,O,train
56,The,O,train
56,deadline,O,train
56,is,O,train
56,approaching,O,train
56,on,O,train
56,Monday,B-DATE,train
56,.,O,train
57,She,O,train
57,checked,O,train
57,in,O,train
57,on,O,train
57,June,B-DATE,train
57,23,I-DATE,train
57,.,O,train
58,Our,O,train
58,lease,O,train
58,expires,O,train
58,in,O,train
58,August,B-DATE,train
58,.,O,train
59,He,O,train
59,was,O,train
59,hired,O,train
59,in,O,train
59,July,B-DATE,train
59,2013,I-DATE,train
59,.,O,train
60,We,O,train
60,left,O,train
60,the,O,train
60,city,O,train
60,on,O,train
60,June,B-DATE,train
60,12,I-DATE,train
60,.,O,train
61,Their,O,train
61,first,O,train
61,child,O,train
61,was,O,train
61,born,O,train
61,on,O,train
61,November,B-DATE,train
61,"1st,",I-DATE,train
61,2016,I-DATE,train
61,.,O,train
62,She,O,train
62,visited,O,train
62,us,O,train
62,two,O,train
62,days,O,train
62,after,O,train
62,today,B-DATE,train
62,.,O,train
63,The,O,train
63,library,O,train
63,reopened,O,train
63,in,O,train
63,February,B-DATE,train
63,2023,I-DATE,train
63,.,O,train
64,Classes,O,train
64,begin,O,train
64,on,O,train
64,July,B-DATE,train
64,14,I-DATE,train
64,.,O,train
65,I,O,train
65,moved,O,train
65,into,O,train
65,this,O,train
65,house,O,train
65,in,O,train
65,September,B-DATE,train
65,2021,I-DATE,train
65,.,O,train
66,The,O,valid
66,application,O,valid
66,opens,O,valid
66,in,O,valid
66,October,B-DATE,valid
66,.,O,valid
67,We’ll,O,train
67,go,O,train
67,hiking,O,train
67,next,O,train
67,Saturday,B-DATE,train
67,.,O,train
68,The,O,valid
68,update,O,valid
68,will,O,valid
68,be,O,valid
68,released,O,valid
68,on,O,valid
68,July,B-DATE,valid
68,11th,I-DATE,valid
68,.,O,valid
69,The,O,train
69,new,O,train
69,law,O,train
69,takes,O,train
69,effect,O,train
69,on,O,train
69,January,B-DATE,train
69,"1st,",I-DATE,train
69,2026,I-DATE,train
69,.,O,train
70,The,O,test
70,invitation,O,test
70,was,O,test
70,sent,O,test
70,on,O,test
70,Thursday,B-DATE,test
70,.,O,test
71,She’ll,O,train
71,begin,O,train
71,her,O,train
71,new,O,train
71,job,O,train
71,on,O,train
71,July,B-DATE,train
71,8th,I-DATE,train
71,.,O,train
72,We,O,test
72,last,O,test
72,met,O,test
72,in,O,test
72,May,B-DATE,test
72,.,O,test
73,He,O,train
73,plans,O,train
73,to,O,train
73,retire,O,train
73,in,O,train
73,January,B-DATE,train
73,2030,I-DATE,train
73,.,O,train
74,The,O,train
74,flight,O,train
74,departs,O,train
74,on,O,train
74,Wednesday,B-DATE,train
74,.,O,train
75,She,O,train
75,returned,O,train
75,from,O,train
75,Kenya,O,train
75,on,O,train
75,June,B-DATE,train
75,21st,I-DATE,train
75,.,O,train
76,The,O,train
76,festival,O,train
76,will,O,train
76,take,O,train
76,place,O,train
76,in,O,train
76,September,B-DATE,train
76,.,O,train
77,The,O,train
77,contract,O,train
77,starts,O,train
77,on,O,train
77,Tuesday,B-DATE,train
77,.,O,train
78,I,O,train
78,enrolled,O,train
78,in,O,train
78,university,O,train
78,in,O,train
78,2012,B-DATE,train
78,.,O,train
79,The,O,train
79,anniversary,O,train
79,falls,O,train
79,on,O,train
79,August,B-DATE,train
79,30th,I-DATE,train
79,.,O,train
80,She,O,train
80,was,O,train
80,born,O,train
80,in,O,train
80,April,B-DATE,train
80,"9,",I-DATE,train
80,1985,I-DATE,train
80,.,O,train
81,Our,O,train
81,family,O,train
81,reunion,O,train
81,is,O,train
81,on,O,train
81,July,B-DATE,train
81,13th,I-DATE,train
81,.,O,train
82,He,O,train
82,resigned,O,train
82,on,O,train
82,June,B-DATE,train
82,19th,I-DATE,train
82,.,O,train
83,They,O,train
83,will,O,train
83,move,O,train
83,out,O,train
83,in,O,train
83,July,B-DATE,train
83,.,O,train
84,The,O,train
84,appointment,O,train
84,was,O,train
84,made,O,train
84,last,O,train
84,Friday,B-DATE,train
84,.,O,train
85,She,O,train
85,submitted,O,train
85,her,O,train
85,application,O,train
85,on,O,train
85,June,B-DATE,train
85,17th,I-DATE,train
85,.,O,train
86,Their,O,train
86,summer,O,train
86,break,O,train
86,starts,O,train
86,next,B-DATE,train
86,Friday,I-DATE,train
86,.,O,train
87,The,O,train
87,play,O,train
87,premiered,O,train
87,in,O,train
87,May,B-DATE,train
87,2023,I-DATE,train
87,.,O,train
88,He,O,train
88,visited,O,train
88,last,O,train
88,Sunday,B-DATE,train
88,.,O,train
89,The,O,test
89,renewal,O,test
89,is,O,test
89,due,O,test
89,on,O,test
89,July,B-DATE,test
89,6,I-DATE,test
89,.,O,test
90,The,O,train
90,product,O,train
90,will,O,train
90,launch,O,train
90,on,O,train
90,August,B-DATE,train
90,1st,I-DATE,train
90,.,O,train
91,She,O,train
91,got,O,train
91,her,O,train
91,promotion,O,train
91,in,O,train
91,December,B-DATE,train
91,2024,I-DATE,train
91,.,O,train
92,We,O,train
92,left,O,train
92,for,O,train
92,Kigali,O,train
92,on,O,train
92,Friday,B-DATE,train
92,.,O,train
93,The,O,train
93,new,O,train
93,schedule,O,train
93,begins,O,train
93,next,B-DATE,train
93,Tuesday,I-DATE,train
93,.,O,train
94,They,O,train
94,finished,O,train
94,construction,O,train
94,in,O,train
94,July,B-DATE,train
94,2022,I-DATE,train
94,.,O,train
95,She,O,train
95,will,O,train
95,return,O,train
95,before,O,train
95,July,B-DATE,train
95,10,I-DATE,train
95,.,O,train
96,The,O,train
96,update,O,train
96,was,O,train
96,pushed,O,train
96,on,O,train
96,June,B-DATE,train
96,16th,I-DATE,train
96,.,O,train
97,He,O,train
97,left,O,train
97,for,O,train
97,London,O,train
97,on,O,train
97,June,B-DATE,train
97,25,I-DATE,train
97,.,O,train
98,The,O,valid
98,baby,O,valid
98,is,O,valid
98,due,O,valid
98,in,O,valid
98,November,B-DATE,valid
98,.,O,valid
99,She,O,train
99,joined,O,train
99,the,O,train
99,program,O,train
99,in,O,train
99,January,B-DATE,train
99,.,O,train
100,The,O,train
100,form,O,train
100,is,O,train
100,due,O,train
100,by,O,train
100,Thursday,B-DATE,train
100,.,O,train
101,We,O,train
101,moved,O,train
101,here,O,train
101,in,O,train
101,June,B-DATE,train
101,2020,I-DATE,train
101,.,O,train
102,The,O,train
102,repairs,O,train
102,started,O,train
102,on,O,train
102,June,B-DATE,train
102,11th,I-DATE,train
102,.,O,train
103,Their,O,test
103,next,O,test
103,visit,O,test
103,is,O,test
103,on,O,test
103,Monday,B-DATE,test
103,.,O,test
104,We,O,train
104,signed,O,train
104,the,O,train
104,deal,O,train
104,in,O,train
104,August,B-DATE,train
104,2024,I-DATE,train
104,.,O,train
105,The,O,train
105,event,O,train
105,is,O,train
105,scheduled,O,train
105,for,O,train
105,next,B-DATE,train
105,Saturday,I-DATE,train
105,.,O,train
106,She,O,train
106,will,O,train
106,be,O,train
106,back,O,train
106,from,O,train
106,leave,O,train
106,on,O,train
106,July,B-DATE,train
106,15th,I-DATE,train
106,.,O,train
107,The,O,train
107,bill,O,train
107,was,O,train
107,passed,O,train
107,in,O,train
107,October,B-DATE,train
107,2023,I-DATE,train
107,.,O,train
108,Their,O,train
108,twins,O,train
108,were,O,train
108,born,O,train
108,on,O,train
108,June,B-DATE,train
108,"6,",I-DATE,train
108,2022,I-DATE,train
108,.,O,train
109,We,O,test
109,held,O,test
109,the,O,test
109,workshop,O,test
109,in,O,test
109,early,B-DATE,test
109,June,I-DATE,test
109,.,O,test
110,He,O,train
110,will,O,train
110,arrive,O,train
110,on,O,train
110,Monday,B-DATE,train
110,.,O,train
111,The,O,valid
111,university,O,valid
111,was,O,valid
111,founded,O,valid
111,in,O,valid
111,1950,B-DATE,valid
111,.,O,valid
112,Our,O,train
112,next,O,train
112,deadline,O,train
112,is,O,train
112,Wednesday,B-DATE,train
112,.,O,train
113,The,O,train
113,last,O,train
113,day,O,train
113,of,O,train
113,the,O,train
113,course,O,train
113,is,O,train
113,July,B-DATE,train
113,19,I-DATE,train
113,.,O,train
114,I,O,valid
114,joined,O,valid
114,the,O,valid
114,team,O,valid
114,in,O,valid
114,April,B-DATE,valid
114,2023,I-DATE,valid
114,.,O,valid
115,We’ll,O,train
115,return,O,train
115,from,O,train
115,leave,O,train
115,on,O,train
115,July,B-DATE,train
115,14th,I-DATE,train
115,.,O,train
116,They,O,valid
116,booked,O,valid
116,their,O,valid
116,vacation,O,valid
116,in,O,valid
116,May,B-DATE,valid
116,.,O,valid
117,The,O,train
117,office,O,train
117,will,O,train
117,be,O,train
117,closed,O,train
117,on,O,train
117,July,B-DATE,train
117,4,I-DATE,train
117,.,O,train
118,She,O,valid
118,left,O,valid
118,last,O,valid
118,Tuesday,B-DATE,valid
118,.,O,valid
119,We,O,train
119,celebrated,O,train
119,his,O,train
119,birthday,O,train
119,on,O,train
119,June,B-DATE,train
119,13,I-DATE,train
119,.,O,train
120,He,O,train
120,will,O,train
120,start,O,train
120,his,O,train
120,new,O,train
120,job,O,train
120,on,O,train
120,July,B-DATE,train
120,7th,I-DATE,train
120,.,O,train
121,We,O,train
121,moved,O,train
121,into,O,train
121,the,O,train
121,house,O,train
121,on,O,train
121,October,B-DATE,train
121,"1st,",I-DATE,train
121,2019,I-DATE,train
121,.,O,train
122,Her,O,test
122,last,O,test
122,exam,O,test
122,is,O,test
122,scheduled,O,test
122,for,O,test
122,July,B-DATE,test
122,12th,I-DATE,test
122,.,O,test
123,The,O,train
123,campaign,O,train
123,launches,O,train
123,in,O,train
123,August,B-DATE,train
123,.,O,train
124,The,O,train
124,email,O,train
124,was,O,train
124,sent,O,train
124,on,O,train
124,Thursday,B-DATE,train
124,.,O,train
125,We,O,train
125,celebrated,O,train
125,New,O,train
125,Year’s,O,train
125,Eve,O,train
125,on,O,train
125,December,B-DATE,train
125,"31st,",I-DATE,train
125,2024,I-DATE,train
125,.,O,train
126,The,O,train
126,registration,O,train
126,period,O,train
126,ends,O,train
126,Thursday,B-DATE,train
126,.,O,train
127,Our,O,train
127,anniversary,O,train
127,is,O,train
127,in,O,train
127,September,B-DATE,train
127,.,O,train
128,He,O,train
128,arrived,O,train
128,back,O,train
128,in,O,train
128,town,O,train
128,on,O,train
128,Tuesday,B-DATE,train
128,.,O,train
129,The,O,train
129,new,O,train
129,law,O,train
129,comes,O,train
129,into,O,train
129,effect,O,train
129,on,O,train
129,January,B-DATE,train
129,"1st,",I-DATE,train
129,2026,I-DATE,train
129,.,O,train
130,They,O,train
130,visited,O,train
130,us,O,train
130,last,O,train
130,Sunday,B-DATE,train
130,.,O,train
131,The,O,train
131,renovation,O,train
131,will,O,train
131,be,O,train
131,done,O,train
131,by,O,train
131,July,B-DATE,train
131,15,I-DATE,train
131,.,O,train
132,The,O,train
132,newsletter,O,train
132,was,O,train
132,published,O,train
132,on,O,train
132,June,B-DATE,train
132,20th,I-DATE,train
132,.,O,train
133,The,O,train
133,software,O,train
133,release,O,train
133,is,O,train
133,planned,O,train
133,for,O,train
133,July,B-DATE,train
133,10,I-DATE,train
133,.,O,train
134,She,O,train
134,submitted,O,train
134,the,O,train
134,form,O,train
134,last,O,train
134,Monday,B-DATE,train
134,.,O,train
135,We,O,train
135,launched,O,train
135,our,O,train
135,product,O,train
135,in,O,train
135,November,B-DATE,train
135,2024,I-DATE,train
135,.,O,train
136,They,O,train
136,will,O,train
136,return,O,train
136,from,O,train
136,vacation,O,train
136,on,O,train
136,July,B-DATE,train
136,14th,I-DATE,train
136,.,O,train
137,I,O,train
137,started,O,train
137,my,O,train
137,business,O,train
137,in,O,train
137,2015,B-DATE,train
137,.,O,train
138,The,O,train
138,dog,O,train
138,was,O,train
138,adopted,O,train
138,in,O,train
138,April,B-DATE,train
138,2022,I-DATE,train
138,.,O,train
139,The,O,train
139,competition,O,train
139,is,O,train
139,on,O,train
139,Sunday,B-DATE,train
139,.,O,train
140,Our,O,valid
140,quarterly,O,valid
140,review,O,valid
140,is,O,valid
140,scheduled,O,valid
140,for,O,valid
140,July,B-DATE,valid
140,11,I-DATE,valid
140,.,O,valid
141,I’ll,O,train
141,be,O,train
141,out,O,train
141,of,O,train
141,town,O,train
141,until,O,train
141,Wednesday,B-DATE,train
141,.,O,train
142,They,O,train
142,graduated,O,train
142,together,O,train
142,in,O,train
142,June,B-DATE,train
142,2020,I-DATE,train
142,.,O,train
143,The,O,valid
143,museum,O,valid
143,exhibit,O,valid
143,starts,O,valid
143,in,O,valid
143,September,B-DATE,valid
143,.,O,valid
144,She,O,valid
144,visited,O,valid
144,Rwanda,O,valid
144,last,O,valid
144,Wednesday,B-DATE,valid
144,.,O,valid
145,The,O,train
145,theater,O,train
145,opens,O,train
145,again,O,train
145,in,O,train
145,July,B-DATE,train
145,.,O,train
146,We’ll,O,train
146,travel,O,train
146,to,O,train
146,Uganda,O,train
146,on,O,train
146,Friday,B-DATE,train
146,.,O,train
147,He,O,test
147,last,O,test
147,called,O,test
147,me,O,test
147,on,O,test
147,June,B-DATE,test
147,19th,I-DATE,test
147,.,O,test
148,Their,O,train
148,final,O,train
148,presentation,O,train
148,is,O,train
148,on,O,train
148,Tuesday,B-DATE,train
148,.,O,train
149,I,O,test
149,first,O,test
149,met,O,test
149,her,O,test
149,in,O,test
149,February,B-DATE,test
149,2017,I-DATE,test
149,.,O,test
150,The,O,train
150,policy,O,train
150,review,O,train
150,happens,O,train
150,every,O,train
150,December,B-DATE,train
150,.,O,train
151,She,O,valid
151,received,O,valid
151,her,O,valid
151,award,O,valid
151,on,O,valid
151,June,B-DATE,valid
151,17th,I-DATE,valid
151,.,O,valid
152,They’ll,O,train
152,join,O,train
152,the,O,train
152,program,O,train
152,starting,O,train
152,Tuesday,B-DATE,train
152,.,O,train
153,We’re,O,train
153,planning,O,train
153,the,O,train
153,event,O,train
153,for,O,train
153,July,B-DATE,train
153,13,I-DATE,train
153,.,O,train
154,The,O,train
154,new,O,train
154,building,O,train
154,opens,O,train
154,in,O,train
154,August,B-DATE,train
154,.,O,train
155,I,O,valid
155,returned,O,valid
155,home,O,valid
155,on,O,valid
155,Friday,B-DATE,valid
155,.,O,valid
156,The,O,valid
156,interview,O,valid
156,was,O,valid
156,scheduled,O,valid
156,for,O,valid
156,Wednesday,B-DATE,valid
156,.,O,valid
157,She,O,train
157,left,O,train
157,the,O,train
157,company,O,train
157,in,O,train
157,July,B-DATE,train
157,2023,I-DATE,train
157,.,O,train
158,The,O,train
158,last,O,train
158,workshop,O,train
158,took,O,train
158,place,O,train
158,in,O,train
158,October,B-DATE,train
158,2024,I-DATE,train
158,.,O,train
159,My,O,train
159,driver's,O,train
159,license,O,train
159,was,O,train
159,issued,O,train
159,on,O,train
159,March,B-DATE,train
159,"5,",I-DATE,train
159,2021,I-DATE,train
159,.,O,train
160,Our,O,train
160,trip,O,train
160,to,O,train
160,Berlin,O,train
160,was,O,train
160,in,O,train
160,August,B-DATE,train
160,2023,I-DATE,train
160,.,O,train
161,She,O,train
161,moved,O,train
161,to,O,train
161,Kigali,O,train
161,on,O,train
161,May,B-DATE,train
161,"1st,",I-DATE,train
161,2022,I-DATE,train
161,.,O,train
162,I,O,train
162,started,O,train
162,my,O,train
162,new,O,train
162,role,O,train
162,last,O,train
162,Monday,B-DATE,train
162,.,O,train
163,The,O,valid
163,system,O,valid
163,maintenance,O,valid
163,is,O,valid
163,planned,O,valid
163,for,O,valid
163,Wednesday,B-DATE,valid
163,.,O,valid
164,We,O,test
164,plan,O,test
164,to,O,test
164,relocate,O,test
164,in,O,test
164,September,B-DATE,test
164,.,O,test
165,The,O,valid
165,announcement,O,valid
165,was,O,valid
165,made,O,valid
165,on,O,valid
165,June,B-DATE,valid
165,14,I-DATE,valid
165,.,O,valid
166,I’ll,O,train
166,visit,O,train
166,you,O,train
166,next,O,train
166,Saturday,B-DATE,train
166,.,O,train
167,The,O,train
167,files,O,train
167,were,O,train
167,uploaded,O,train
167,on,O,train
167,June,B-DATE,train
167,21st,I-DATE,train
167,.,O,train
168,Their,O,train
168,baby,O,train
168,was,O,train
168,born,O,train
168,in,O,train
168,March,B-DATE,train
168,2025,I-DATE,train
168,.,O,train
169,We’ll,O,train
169,arrive,O,train
169,before,O,train
169,Thursday,B-DATE,train
169,.,O,train
170,I,O,train
170,saw,O,train
170,her,O,train
170,three,B-DATE,train
170,days,I-DATE,train
170,ago,I-DATE,train
170,.,O,train
171,They,O,train
171,left,O,train
171,two,B-DATE,train
171,days,I-DATE,train
171,ago,I-DATE,train
171,.,O,train
172,He,O,train
172,returned,O,train
172,a,B-DATE,train
172,week,I-DATE,train
172,ago,I-DATE,train
172,.,O,train
173,We,O,train
173,met,O,train
173,two,B-DATE,train
173,weeks,I-DATE,train
173,ago,I-DATE,train
173,.,O,train
174,She,O,train
174,arrived,O,train
174,four,B-DATE,train
174,weeks,I-DATE,train
174,ago,I-DATE,train
174,.,O,train
175,He,O,train
175,called,O,train
175,me,O,train
175,four,B-DATE,train
175,days,I-DATE,train
175,ago,I-DATE,train
175,.,O,train
176,The,O,train
176,meeting,O,train
176,was,O,train
176,last,B-DATE,train
176,Friday,I-DATE,train
176,.,O,train
177,They,O,test
177,finished,O,test
177,the,O,test
177,task,O,test
177,two,B-DATE,test
177,Fridays,I-DATE,test
177,ago,I-DATE,test
177,.,O,test
178,We,O,train
178,arrived,O,train
178,last,B-DATE,train
178,Monday,I-DATE,train
178,.,O,train
179,She,O,train
179,visited,O,train
179,us,O,train
179,last,B-DATE,train
179,Wednesday,I-DATE,train
179,.,O,train
180,The,O,train
180,team,O,train
180,traveled,O,train
180,last,B-DATE,train
180,Thursday,I-DATE,train
180,.,O,train
181,It,O,train
181,was,O,train
181,completed,O,train
181,six,B-DATE,train
181,days,I-DATE,train
181,ago,I-DATE,train
181,.,O,train
182,I,O,train
182,returned,O,train
182,five,B-DATE,train
182,days,I-DATE,train
182,ago,I-DATE,train
182,.,O,train
183,We,O,train
183,visited,O,train
183,them,O,train
183,last,B-DATE,train
183,weekend,I-DATE,train
183,.,O,train
184,They,O,test
184,flew,O,test
184,out,O,test
184,last,B-DATE,test
184,Tuesday,I-DATE,test
184,.,O,test
185,We,O,train
185,went,O,train
185,hiking,O,train
185,two,B-DATE,train
185,Saturdays,I-DATE,train
185,ago,I-DATE,train
185,.,O,train
186,She,O,train
186,started,O,train
186,her,O,train
186,internship,O,train
186,nearly,B-DATE,train
186,four,I-DATE,train
186,weeks,I-DATE,train
186,ago,I-DATE,train
186,.,O,train
187,The,O,train
187,last,O,train
187,update,O,train
187,was,O,train
187,three,B-DATE,train
187,weeks,I-DATE,train
187,ago,I-DATE,train
187,.,O,train
188,I,O,train
188,submitted,O,train
188,the,O,train
188,form,O,train
188,almost,B-DATE,train
188,three,I-DATE,train
188,weeks,I-DATE,train
188,ago,I-DATE,train
188,.,O,train
189,She,O,train
189,left,O,train
189,the,O,train
189,country,O,train
189,a,B-DATE,train
189,month,I-DATE,train
189,ago,I-DATE,train
189,.,O,train
190,The,O,train
190,course,O,train
190,started,O,train
190,one,B-DATE,train
190,month,I-DATE,train
190,ago,I-DATE,train
190,.,O,train
191,The,O,train
191,system,O,train
191,crashed,O,train
191,six,B-DATE,train
191,weeks,I-DATE,train
191,ago,I-DATE,train
191,.,O,train
192,He,O,train
192,moved,O,train
192,here,O,train
192,two,B-DATE,train
192,months,I-DATE,train
192,ago,I-DATE,train
192,.,O,train
193,They,O,test
193,launched,O,test
193,the,O,test
193,website,O,test
193,three,B-DATE,test
193,months,I-DATE,test
193,ago,I-DATE,test
193,.,O,test
194,She,O,train
194,changed,O,train
194,departments,O,train
194,five,B-DATE,train
194,months,I-DATE,train
194,ago,I-DATE,train
194,.,O,train
195,We,O,train
195,first,O,train
195,spoke,O,train
195,six,B-DATE,train
195,months,I-DATE,train
195,ago,I-DATE,train
195,.,O,train
196,The,O,train
196,incident,O,train
196,happened,O,train
196,a,B-DATE,train
196,year,I-DATE,train
196,ago,I-DATE,train
196,.,O,train
197,He,O,train
197,came,O,train
197,back,O,train
197,nine,B-DATE,train
197,months,I-DATE,train
197,ago,I-DATE,train
197,.,O,train
198,They,O,train
198,got,O,train
198,engaged,O,train
198,ten,B-DATE,train
198,months,I-DATE,train
198,ago,I-DATE,train
198,.,O,train
199,She,O,train
199,joined,O,train
199,the,O,train
199,team,O,train
199,eleven,B-DATE,train
199,months,I-DATE,train
199,ago,I-DATE,train
199,.,O,train
200,We,O,train
200,had,O,train
200,our,O,train
200,first,O,train
200,meeting,O,train
200,over,B-DATE,train
200,a,I-DATE,train
200,year,I-DATE,train
200,ago,I-DATE,train
200,.,O,train
201,The,O,train
201,baby,O,train
201,was,O,train
201,born,O,train
201,two,B-DATE,train
201,years,I-DATE,train
201,ago,I-DATE,train
201,.,O,train
202,I,O,train
202,wrote,O,train
202,the,O,train
202,article,O,train
202,about,B-DATE,train
202,four,I-DATE,train
202,months,I-DATE,train
202,ago,I-DATE,train
202,.,O,train
203,They,O,train
203,started,O,train
203,the,O,train
203,pilot,O,train
203,four,B-DATE,train
203,months,I-DATE,train
203,ago,I-DATE,train
203,.,O,train
204,We,O,train
204,moved,O,train
204,out,O,train
204,about,B-DATE,train
204,three,I-DATE,train
204,months,I-DATE,train
204,ago,I-DATE,train
204,.,O,train
205,The,O,train
205,draft,O,train
205,was,O,train
205,ready,O,train
205,three,B-DATE,train
205,and,I-DATE,train
205,a,I-DATE,train
205,half,I-DATE,train
205,months,I-DATE,train
205,ago,I-DATE,train
205,.,O,train
206,I,O,train
206,submitted,O,train
206,my,O,train
206,application,O,train
206,two,B-DATE,train
206,and,I-DATE,train
206,a,I-DATE,train
206,half,I-DATE,train
206,months,I-DATE,train
206,ago,I-DATE,train
206,.,O,train
207,She,O,train
207,left,O,train
207,for,O,train
207,Berlin,O,train
207,six,B-DATE,train
207,weeks,I-DATE,train
207,ago,I-DATE,train
207,.,O,train
208,We,O,train
208,last,O,train
208,had,O,train
208,lunch,O,train
208,more,B-DATE,train
208,than,I-DATE,train
208,two,I-DATE,train
208,weeks,I-DATE,train
208,ago,I-DATE,train
208,.,O,train
209,The,O,valid
209,repairs,O,valid
209,began,O,valid
209,eight,B-DATE,valid
209,weeks,I-DATE,valid
209,ago,I-DATE,valid
209,.,O,valid
210,The,O,test
210,server,O,test
210,was,O,test
210,rebooted,O,test
210,nineteen,B-DATE,test
210,days,I-DATE,test
210,ago,I-DATE,test
210,.,O,test
211,We,O,train
211,filed,O,train
211,the,O,train
211,complaint,O,train
211,five,B-DATE,train
211,weeks,I-DATE,train
211,ago,I-DATE,train
211,.,O,train
212,He,O,train
212,moved,O,train
212,offices,O,train
212,about,B-DATE,train
212,ten,I-DATE,train
212,weeks,I-DATE,train
212,ago,I-DATE,train
212,.,O,train
213,She,O,train
213,emailed,O,train
213,us,O,train
213,three,B-DATE,train
213,weeks,I-DATE,train
213,ago,I-DATE,train
213,.,O,train
214,The,O,train
214,first,O,train
214,shipment,O,train
214,arrived,O,train
214,twenty-three,B-DATE,train
214,days,I-DATE,train
214,ago,I-DATE,train
214,.,O,train
215,The,O,train
215,files,O,train
215,were,O,train
215,backed,O,train
215,up,O,train
215,twenty-five,B-DATE,train
215,days,I-DATE,train
215,ago,I-DATE,train
215,.,O,train
216,We,O,train
216,last,O,train
216,talked,O,train
216,one,B-DATE,train
216,month,I-DATE,train
216,and,I-DATE,train
216,one,I-DATE,train
216,day,I-DATE,train
216,ago,I-DATE,train
216,.,O,train
217,I,O,train
217,saw,O,train
217,her,O,train
217,again,O,train
217,four,B-DATE,train
217,weeks,I-DATE,train
217,ago,I-DATE,train
217,.,O,train
218,The,O,train
218,idea,O,train
218,was,O,train
218,proposed,O,train
218,three,B-DATE,train
218,months,I-DATE,train
218,ago,I-DATE,train
218,.,O,train
219,The,O,valid
219,prototype,O,valid
219,was,O,valid
219,built,O,valid
219,four,B-DATE,valid
219,months,I-DATE,valid
219,ago,I-DATE,valid
219,.,O,valid
220,John,O,train
220,traveled,O,train
220,from,O,train
220,Paris,B-LOCATION,train
220,,O,train
220,to,O,train
220,Berlin,B-LOCATION,train
220,,O,train
220,last,O,train
220,week.,O,train
221,She,O,valid
221,grew,O,valid
221,up,O,valid
221,in,O,valid
221,New,B-LOCATION,valid
221,York,I-LOCATION,valid
221,,O,valid
221,but,O,valid
221,now,O,valid
221,lives,O,valid
221,in,O,valid
221,Los,B-LOCATION,valid
221,Angeles,I-LOCATION,valid
221,.,O,valid
222,We,O,train
222,spent,O,train
222,our,O,train
222,summer,O,train
222,vacation,O,train
222,in,O,train
222,Greece,B-LOCATION,train
222,.,O,train
223,The,O,train
223,flight,O,train
223,from,O,train
223,London,B-LOCATION,train
223,,O,train
223,to,O,train
223,Rome,B-LOCATION,train
223,,O,train
223,was,O,train
223,delayed.,O,train
224,They,O,train
224,met,O,train
224,in,O,train
224,Tokyo,B-LOCATION,train
224,,O,train
224,during,O,train
224,a,O,train
224,business,O,train
224,trip.,O,train
225,Cape,B-LOCATION,test
225,Town,I-LOCATION,test
225,,O,test
225,is,O,test
225,known,O,test
225,for,O,test
225,its,O,test
225,beautiful,O,test
225,coastline.,O,test
226,My,O,train
226,parents,O,train
226,live,O,train
226,in,O,train
226,Sydney,B-LOCATION,train
226,",",O,train
226,Australia.,O,train
227,He,O,train
227,works,O,train
227,for,O,train
227,a,O,train
227,company,O,train
227,based,O,train
227,in,O,train
227,Dubai,B-LOCATION,train
227,.,O,train
228,I’ve,O,test
228,always,O,test
228,wanted,O,test
228,to,O,test
228,visit,O,test
228,Rio,B-LOCATION,test
228,de,I-LOCATION,test
228,Janeiro,I-LOCATION,test
228,.,O,test
229,Nairobi,B-LOCATION,train
229,,O,train
229,is,O,train
229,the,O,train
229,capital,O,train
229,of,O,train
229,Kenya.,O,train
230,They,O,train
230,went,O,train
230,hiking,O,train
230,in,O,train
230,the,O,train
230,Rocky,B-LOCATION,train
230,Mountains,I-LOCATION,train
230,.,O,train
231,She,O,train
231,studied,O,train
231,at,O,train
231,a,O,train
231,university,O,train
231,in,O,train
231,Amsterdam,B-LOCATION,train
231,.,O,train
232,He,O,train
232,was,O,train
232,born,O,train
232,in,O,train
232,Chicago,B-LOCATION,train
232,,O,train
232,in,O,train
232,1985.,O,train
233,Beijing,B-LOCATION,train
233,,O,train
233,hosted,O,train
233,the,O,train
233,Olympics,O,train
233,in,O,train
233,2008.,O,train
234,I’ll,O,train
234,be,O,train
234,in,O,train
234,San,B-LOCATION,train
234,Francisco,I-LOCATION,train
234,,O,train
234,for,O,train
234,a,O,train
234,conference.,O,train
235,We,O,train
235,had,O,train
235,dinner,O,train
235,in,O,train
235,Barcelona,B-LOCATION,train
235,,O,train
235,last,O,train
235,night.,O,train
236,Mumbai,B-LOCATION,train
236,,O,train
236,is,O,train
236,one,O,train
236,of,O,train
236,the,O,train
236,most,O,train
236,populated,O,train
236,cities,O,train
236,in,O,train
236,India.,O,train
237,She,O,train
237,moved,O,train
237,to,O,train
237,Lisbon,B-LOCATION,train
237,,O,train
237,after,O,train
237,graduation.,O,train
238,He,O,train
238,grew,O,train
238,up,O,train
238,near,O,train
238,Lake,B-LOCATION,train
238,Victoria,I-LOCATION,train
238,.,O,train
239,They,O,train
239,took,O,train
239,a,O,train
239,road,O,train
239,trip,O,train
239,through,O,train
239,Scotland,B-LOCATION,train
239,.,O,train
240,We,O,valid
240,stayed,O,valid
240,in,O,valid
240,a,O,valid
240,small,O,valid
240,village,O,valid
240,in,O,valid
240,Tuscany,B-LOCATION,valid
240,.,O,valid
241,I,O,train
241,had,O,train
241,a,O,train
241,layover,O,train
241,in,O,train
241,Frankfurt,B-LOCATION,train
241,.,O,train
242,He,O,train
242,attended,O,train
242,a,O,train
242,summit,O,train
242,in,O,train
242,Geneva,B-LOCATION,train
242,.,O,train
243,The,O,train
243,train,O,train
243,from,O,train
243,Vienna,B-LOCATION,train
243,,O,train
243,to,O,train
243,Prague,B-LOCATION,train
243,,O,train
243,takes,O,train
243,about,O,train
243,4,O,train
243,hours.,O,train
244,She,O,train
244,flew,O,train
244,from,O,train
244,Jakarta,B-LOCATION,train
244,,O,train
244,to,O,train
244,Bangkok,B-LOCATION,train
244,.,O,train
245,We,O,train
245,explored,O,train
245,the,O,train
245,ruins,O,train
245,in,O,train
245,Petra,B-LOCATION,train
245,",",O,train
245,Jordan.,O,train
246,Istanbul,B-LOCATION,train
246,,O,train
246,bridges,O,train
246,Europe,O,train
246,and,O,train
246,Asia.,O,train
247,They,O,train
247,visited,O,train
247,the,O,train
247,temples,O,train
247,in,O,train
247,Kyoto,B-LOCATION,train
247,.,O,train
248,Vancouver,B-LOCATION,train
248,,O,train
248,is,O,train
248,a,O,train
248,great,O,train
248,place,O,train
248,for,O,train
248,outdoor,O,train
248,activities.,O,train
249,He,O,train
249,works,O,train
249,remotely,O,train
249,from,O,train
249,Buenos,B-LOCATION,train
249,Aires,I-LOCATION,train
249,.,O,train
250,They,O,train
250,bought,O,train
250,a,O,train
250,house,O,train
250,near,O,train
250,Lake,B-LOCATION,train
250,Tahoe,I-LOCATION,train
250,.,O,train
251,I,O,test
251,met,O,test
251,her,O,test
251,in,O,test
251,Seoul,B-LOCATION,test
251,,O,test
251,during,O,test
251,an,O,test
251,exchange,O,test
251,program.,O,test
252,We,O,train
252,went,O,train
252,on,O,train
252,a,O,train
252,safari,O,train
252,in,O,train
252,Serengeti,B-LOCATION,train
252,.,O,train
253,Venice,B-LOCATION,train
253,,O,train
253,is,O,train
253,famous,O,train
253,for,O,train
253,its,O,train
253,canals.,O,train
254,She,O,test
254,took,O,test
254,a,O,test
254,photo,O,test
254,in,O,test
254,front,O,test
254,of,O,test
254,the,O,test
254,Eiffel,B-LOCATION,test
254,Tower,I-LOCATION,test
254,,O,test
254,in,O,test
254,Paris,B-LOCATION,test
254,.,O,test
255,They,O,train
255,got,O,train
255,married,O,train
255,in,O,train
255,Hawaii,B-LOCATION,train
255,.,O,train
256,He,O,train
256,lives,O,train
256,in,O,train
256,the,O,train
256,countryside,O,train
256,near,O,train
256,Oxford,B-LOCATION,train
256,.,O,train
257,I,O,train
257,attended,O,train
257,a,O,train
257,concert,O,train
257,in,O,train
257,Manchester,B-LOCATION,train
257,.,O,train
258,They,O,test
258,visited,O,test
258,family,O,test
258,in,O,test
258,Oslo,B-LOCATION,test
258,.,O,test
259,She,O,train
259,spent,O,train
259,a,O,train
259,semester,O,train
259,abroad,O,train
259,in,O,train
259,Mexico,B-LOCATION,train
259,City,I-LOCATION,train
259,.,O,train
260,The,O,train
260,film,O,train
260,was,O,train
260,shot,O,train
260,in,O,train
260,New,B-LOCATION,train
260,Zealand,I-LOCATION,train
260,.,O,train
261,We,O,train
261,stopped,O,train
261,for,O,train
261,coffee,O,train
261,in,O,train
261,Brussels,B-LOCATION,train
261,.,O,train
262,The,O,train
262,conference,O,train
262,was,O,train
262,held,O,train
262,in,O,train
262,Abuja,B-LOCATION,train
262,.,O,train
263,He,O,test
263,was,O,test
263,stationed,O,test
263,in,O,test
263,Baghdad,B-LOCATION,test
263,,O,test
263,for,O,test
263,six,O,test
263,months.,O,test
264,She,O,train
264,worked,O,train
264,in,O,train
264,Singapore,B-LOCATION,train
264,,O,train
264,for,O,train
264,five,O,train
264,years.,O,train
265,They,O,train
265,stayed,O,train
265,in,O,train
265,a,O,train
265,resort,O,train
265,near,O,train
265,Phuket,B-LOCATION,train
265,.,O,train
266,I,O,train
266,met,O,train
266,a,O,train
266,friend,O,train
266,in,O,train
266,Lima,B-LOCATION,train
266,,O,train
266,while,O,train
266,backpacking.,O,train
267,Reykjavik,B-LOCATION,train
267,,O,train
267,is,O,train
267,the,O,train
267,capital,O,train
267,of,O,train
267,Iceland.,O,train
268,Helsinki,B-LOCATION,train
268,,O,train
268,is,O,train
268,a,O,train
268,great,O,train
268,city,O,train
268,to,O,train
268,visit,O,train
268,in,O,train
268,summer.,O,train
269,We,O,train
269,camped,O,train
269,in,O,train
269,Yosemite,B-LOCATION,train
269,National,I-LOCATION,train
269,Park,I-LOCATION,train
269,.,O,train
270,She,O,test
270,lives,O,test
270,in,O,test
270,a,O,test
270,flat,O,test
270,in,O,test
270,Berlin,B-LOCATION,test
270,.,O,test
271,He,O,valid
271,studied,O,valid
271,engineering,O,valid
271,in,O,valid
271,Zurich,B-LOCATION,valid
271,.,O,valid
272,We,O,train
272,went,O,train
272,wine,O,train
272,tasting,O,train
272,in,O,train
272,Bordeaux,B-LOCATION,train
272,.,O,train
273,She,O,test
273,took,O,test
273,a,O,test
273,cruise,O,test
273,from,O,test
273,Miami,B-LOCATION,test
273,,O,test
273,to,O,test
273,Jamaica,B-LOCATION,test
273,.,O,test
274,I,O,train
274,ran,O,train
274,a,O,train
274,marathon,O,train
274,in,O,train
274,Boston,B-LOCATION,train
274,.,O,train
275,They,O,test
275,skied,O,test
275,in,O,test
275,Whistler,B-LOCATION,test
275,",",O,test
275,Canada.,O,test
276,He,O,test
276,volunteered,O,test
276,in,O,test
276,Kigali,B-LOCATION,test
276,.,O,test
277,The,O,train
277,embassy,O,train
277,is,O,train
277,located,O,train
277,in,O,train
277,"Washington,",B-LOCATION,train
277,D.C.,I-LOCATION,train
277,.,O,train
278,We,O,train
278,stayed,O,train
278,near,O,train
278,Mount,B-LOCATION,train
278,Fuji,I-LOCATION,train
278,.,O,train
279,She,O,valid
279,visited,O,valid
279,the,O,valid
279,pyramids,O,valid
279,in,O,valid
279,Cairo,B-LOCATION,valid
279,.,O,valid
280,He,O,train
280,went,O,train
280,kayaking,O,train
280,in,O,train
280,Halong,B-LOCATION,train
280,Bay,I-LOCATION,train
280,.,O,train
281,La,B-LOCATION,valid
281,Paz,I-LOCATION,valid
281,,O,valid
281,is,O,valid
281,one,O,valid
281,of,O,valid
281,the,O,valid
281,highest,O,valid
281,capital,O,valid
281,cities,O,valid
281,in,O,valid
281,the,O,valid
281,world.,O,valid
282,They,O,train
282,had,O,train
282,a,O,train
282,honeymoon,O,train
282,in,O,train
282,Maldives,B-LOCATION,train
282,.,O,train
283,The,O,train
283,team,O,train
283,is,O,train
283,based,O,train
283,in,O,train
283,Brisbane,B-LOCATION,train
283,.,O,train
284,I,O,train
284,read,O,train
284,a,O,train
284,book,O,train
284,while,O,train
284,sitting,O,train
284,on,O,train
284,a,O,train
284,beach,O,train
284,in,O,train
284,Zanzibar,B-LOCATION,train
284,.,O,train
285,We,O,train
285,stayed,O,train
285,at,O,train
285,a,O,train
285,lodge,O,train
285,in,O,train
285,Kruger,B-LOCATION,train
285,National,I-LOCATION,train
285,Park,I-LOCATION,train
285,.,O,train
286,He,O,test
286,flew,O,test
286,from,O,test
286,Doha,B-LOCATION,test
286,,O,test
286,to,O,test
286,Munich,B-LOCATION,test
286,.,O,test
287,The,O,train
287,delegation,O,train
287,came,O,train
287,from,O,train
287,Stockholm,B-LOCATION,train
287,.,O,train
288,The,O,train
288,workshop,O,train
288,was,O,train
288,in,O,train
288,Accra,B-LOCATION,train
288,.,O,train
289,Dubrovnik,B-LOCATION,train
289,,O,train
289,is,O,train
289,a,O,train
289,UNESCO,O,train
289,World,O,train
289,Heritage,O,train
289,Site.,O,train
290,The,O,train
290,road,O,train
290,trip,O,train
290,ended,O,train
290,in,O,train
290,San,B-LOCATION,train
290,Diego,I-LOCATION,train
290,.,O,train
291,I,O,train
291,spent,O,train
291,the,O,train
291,weekend,O,train
291,in,O,train
291,Galway,B-LOCATION,train
291,.,O,train
292,He,O,valid
292,attended,O,valid
292,university,O,valid
292,in,O,valid
292,Edinburgh,B-LOCATION,valid
292,.,O,valid
293,We,O,train
293,explored,O,train
293,the,O,train
293,old,O,train
293,city,O,train
293,of,O,train
293,Jerusalem,B-LOCATION,train
293,.,O,train
294,She,O,train
294,went,O,train
294,stargazing,O,train
294,in,O,train
294,Namib,B-LOCATION,train
294,Desert,I-LOCATION,train
294,.,O,train
295,I,O,train
295,took,O,train
295,a,O,train
295,ferry,O,train
295,from,O,train
295,Helsingør,B-LOCATION,train
295,,O,train
295,to,O,train
295,Helsingborg,B-LOCATION,train
295,.,O,train
296,The,O,train
296,office,O,train
296,moved,O,train
296,to,O,train
296,Vienna,B-LOCATION,train
296,,O,train
296,last,O,train
296,year.,O,train
297,She,O,valid
297,took,O,valid
297,a,O,valid
297,job,O,valid
297,in,O,valid
297,Bangalore,B-LOCATION,valid
297,.,O,valid
298,We,O,test
298,caught,O,test
298,a,O,test
298,bus,O,test
298,to,O,test
298,Casablanca,B-LOCATION,test
298,.,O,test
299,They,O,test
299,visited,O,test
299,relatives,O,test
299,in,O,test
299,Lagos,B-LOCATION,test
299,.,O,test
300,I,O,test
300,passed,O,test
300,through,O,test
300,Antwerp,B-LOCATION,test
300,,O,test
300,on,O,test
300,my,O,test
300,way,O,test
300,to,O,test
300,Amsterdam,B-LOCATION,test
300,.,O,test
301,The,O,train
301,ship,O,train
301,docked,O,train
301,in,O,train
301,Marseille,B-LOCATION,train
301,.,O,train
302,The,O,train
302,project,O,train
302,is,O,train
302,based,O,train
302,in,O,train
302,Kinshasa,B-LOCATION,train
302,.,O,train
303,She,O,train
303,vacationed,O,train
303,on,O,train
303,Santorini,B-LOCATION,train
303,.,O,train
304,We,O,train
304,had,O,train
304,lunch,O,train
304,in,O,train
304,Porto,B-LOCATION,train
304,.,O,train
305,He,O,train
305,lives,O,train
305,in,O,train
305,Colombo,B-LOCATION,train
305,",",O,train
305,Sri,O,train
305,Lanka.,O,train
306,The,O,train
306,team,O,train
306,met,O,train
306,in,O,train
306,Bucharest,B-LOCATION,train
306,.,O,train
307,They,O,train
307,took,O,train
307,a,O,train
307,ferry,O,train
307,from,O,train
307,Venice,B-LOCATION,train
307,,O,train
307,to,O,train
307,Dubrovnik,B-LOCATION,train
307,.,O,train
308,I,O,train
308,stopped,O,train
308,briefly,O,train
308,in,O,train
308,Luxembourg,B-LOCATION,train
308,City,I-LOCATION,train
308,.,O,train
309,The,O,train
309,wedding,O,train
309,took,O,train
309,place,O,train
309,in,O,train
309,Florence,B-LOCATION,train
309,.,O,train
310,She,O,train
310,traveled,O,train
310,across,O,train
310,Mongolia,B-LOCATION,train
310,,O,train
310,by,O,train
310,train.,O,train
311,I,O,train
311,spent,O,train
311,Christmas,O,train
311,in,O,train
311,Warsaw,B-LOCATION,train
311,.,O,train
312,The,O,train
312,plane,O,train
312,landed,O,train
312,in,O,train
312,Vienna,B-LOCATION,train
312,,O,train
312,at,O,train
312,dawn.,O,train
313,He,O,train
313,was,O,train
313,transferred,O,train
313,to,O,train
313,Basel,B-LOCATION,train
313,.,O,train
314,I,O,train
314,worked,O,train
314,in,O,train
314,Port-au-Prince,B-LOCATION,train
314,,O,train
314,after,O,train
314,the,O,train
314,earthquake.,O,train
315,We,O,train
315,stayed,O,train
315,in,O,train
315,Seville,B-LOCATION,train
315,,O,train
315,during,O,train
315,the,O,train
315,festival.,O,train
316,The,O,train
316,exhibit,O,train
316,came,O,train
316,from,O,train
316,St.,B-LOCATION,train
316,Petersburg,I-LOCATION,train
316,.,O,train
317,She,O,train
317,studied,O,train
317,fashion,O,train
317,in,O,train
317,Milan,B-LOCATION,train
317,.,O,train
318,The,O,valid
318,team,O,valid
318,operates,O,valid
318,from,O,valid
318,Abidjan,B-LOCATION,valid
318,.,O,valid
319,We,O,train
319,attended,O,train
319,a,O,train
319,wedding,O,train
319,in,O,train
319,Kampala,B-LOCATION,train
319,.,O,train
320,We,O,train
320,arrived,O,train
320,in,O,train
320,Madrid,B-LOCATION,train
320,,O,train
320,twenty-seven,B-DATE,train
320,days,I-DATE,train
320,ago,I-DATE,train
320,.,O,train
321,The,O,train
321,seminar,O,train
321,in,O,train
321,Oslo,B-LOCATION,train
321,,O,train
321,concluded,O,train
321,eighteen,B-DATE,train
321,days,I-DATE,train
321,ago,I-DATE,train
321,.,O,train
322,He,O,train
322,moved,O,train
322,to,O,train
322,Sydney,B-LOCATION,train
322,,O,train
322,two,B-DATE,train
322,months,I-DATE,train
322,ago,I-DATE,train
322,.,O,train
323,We,O,train
323,flew,O,train
323,from,O,train
323,Berlin,B-LOCATION,train
323,,O,train
323,to,O,train
323,Amsterdam,B-LOCATION,train
323,,O,train
323,sixteen,B-DATE,train
323,days,I-DATE,train
323,ago,I-DATE,train
323,.,O,train
324,The,O,train
324,agreement,O,train
324,was,O,train
324,signed,O,train
324,in,O,train
324,Brussels,B-LOCATION,train
324,,O,train
324,ten,B-DATE,train
324,days,I-DATE,train
324,ago,I-DATE,train
324,.,O,train
325,She,O,train
325,returned,O,train
325,from,O,train
325,Tokyo,B-LOCATION,train
325,,O,train
325,eight,B-DATE,train
325,days,I-DATE,train
325,ago,I-DATE,train
325,.,O,train
326,We,O,train
326,spent,O,train
326,the,O,train
326,holiday,O,train
326,in,O,train
326,Lisbon,B-LOCATION,train
326,,O,train
326,over,B-DATE,train
326,a,I-DATE,train
326,month,I-DATE,train
326,ago,I-DATE,train
326,.,O,train
327,They,O,train
327,visited,O,train
327,Cape,B-LOCATION,train
327,Town,I-LOCATION,train
327,,O,train
327,two,B-DATE,train
327,months,I-DATE,train
327,ago,I-DATE,train
327,.,O,train
328,The,O,train
328,team,O,train
328,arrived,O,train
328,in,O,train
328,Nairobi,B-LOCATION,train
328,,O,train
328,twenty-three,B-DATE,train
328,days,I-DATE,train
328,ago,I-DATE,train
328,.,O,train
329,I,O,train
329,was,O,train
329,in,O,train
329,Vienna,B-LOCATION,train
329,,O,train
329,nine,B-DATE,train
329,days,I-DATE,train
329,ago,I-DATE,train
329,.,O,train
330,We,O,train
330,returned,O,train
330,from,O,train
330,Prague,B-LOCATION,train
330,,O,train
330,twenty-two,B-DATE,train
330,days,I-DATE,train
330,ago,I-DATE,train
330,.,O,train
331,She,O,train
331,arrived,O,train
331,in,O,train
331,Seoul,B-LOCATION,train
331,,O,train
331,five,B-DATE,train
331,weeks,I-DATE,train
331,ago,I-DATE,train
331,.,O,train
332,They,O,train
332,left,O,train
332,Munich,B-LOCATION,train
332,,O,train
332,fifteen,B-DATE,train
332,days,I-DATE,train
332,ago,I-DATE,train
332,.,O,train
333,The,O,train
333,tour,O,train
333,ended,O,train
333,in,O,train
333,Bangkok,B-LOCATION,train
333,,O,train
333,thirteen,B-DATE,train
333,days,I-DATE,train
333,ago,I-DATE,train
333,.,O,train
334,I,O,train
334,moved,O,train
334,to,O,train
334,Toronto,B-LOCATION,train
334,,O,train
334,three,B-DATE,train
334,months,I-DATE,train
334,ago,I-DATE,train
334,.,O,train
335,The,O,train
335,project,O,train
335,began,O,train
335,in,O,train
335,Helsinki,B-LOCATION,train
335,,O,train
335,two,B-DATE,train
335,and,I-DATE,train
335,a,I-DATE,train
335,half,I-DATE,train
335,months,I-DATE,train
335,ago,I-DATE,train
335,.,O,train
336,The,O,train
336,shipment,O,train
336,left,O,train
336,Shanghai,B-LOCATION,train
336,,O,train
336,twenty-five,B-DATE,train
336,days,I-DATE,train
336,ago,I-DATE,train
336,.,O,train
337,We,O,train
337,had,O,train
337,dinner,O,train
337,in,O,train
337,Rome,B-LOCATION,train
337,,O,train
337,fourteen,B-DATE,train
337,days,I-DATE,train
337,ago,I-DATE,train
337,.,O,train
338,They,O,train
338,flew,O,train
338,to,O,train
338,New,B-LOCATION,train
338,Delhi,I-LOCATION,train
338,,O,train
338,six,B-DATE,train
338,days,I-DATE,train
338,ago,I-DATE,train
338,.,O,train
339,Our,O,train
339,meeting,O,train
339,in,O,train
339,Brisbane,B-LOCATION,train
339,,O,train
339,happened,O,train
339,one,B-DATE,train
339,month,I-DATE,train
339,ago,I-DATE,train
339,.,O,train
340,The,O,train
340,interview,O,train
340,in,O,train
340,Lagos,B-LOCATION,train
340,,O,train
340,took,O,train
340,place,O,train
340,twenty,B-DATE,train
340,days,I-DATE,train
340,ago,I-DATE,train
340,.,O,train
341,I,O,train
341,visited,O,train
341,Tel,B-LOCATION,train
341,Aviv,I-LOCATION,train
341,,O,train
341,seventeen,B-DATE,train
341,days,I-DATE,train
341,ago,I-DATE,train
341,.,O,train
342,The,O,train
342,lecture,O,train
342,in,O,train
342,Bucharest,B-LOCATION,train
342,,O,train
342,was,O,train
342,held,O,train
342,twelve,B-DATE,train
342,days,I-DATE,train
342,ago,I-DATE,train
342,.,O,train
343,I,O,train
343,traveled,O,train
343,to,O,train
343,Jakarta,B-LOCATION,train
343,,O,train
343,six,B-DATE,train
343,weeks,I-DATE,train
343,ago,I-DATE,train
343,.,O,train
344,They,O,train
344,returned,O,train
344,from,O,train
344,Hanoi,B-LOCATION,train
344,,O,train
344,eleven,B-DATE,train
344,days,I-DATE,train
344,ago,I-DATE,train
344,.,O,train
345,She,O,train
345,flew,O,train
345,to,O,train
345,Kigali,B-LOCATION,train
345,,O,train
345,three,B-DATE,train
345,days,I-DATE,train
345,ago,I-DATE,train
345,.,O,train
346,The,O,train
346,package,O,train
346,from,O,train
346,Stockholm,B-LOCATION,train
346,,O,train
346,arrived,O,train
346,two,B-DATE,train
346,days,I-DATE,train
346,ago,I-DATE,train
346,.,O,train
347,I,O,train
347,left,O,train
347,Buenos,B-LOCATION,train
347,Aires,I-LOCATION,train
347,,O,train
347,four,B-DATE,train
347,days,I-DATE,train
347,ago,I-DATE,train
347,.,O,train
348,We,O,train
348,spent,O,train
348,our,O,train
348,honeymoon,O,train
348,in,O,train
348,Malta,B-LOCATION,train
348,,O,train
348,nearly,B-DATE,train
348,two,I-DATE,train
348,months,I-DATE,train
348,ago,I-DATE,train
348,.,O,train
349,The,O,test
349,team,O,test
349,flew,O,test
349,from,O,test
349,Zurich,B-LOCATION,test
349,,O,test
349,to,O,test
349,Madrid,B-LOCATION,test
349,,O,test
349,twenty-four,B-DATE,test
349,days,I-DATE,test
349,ago,I-DATE,test
349,.,O,test
350,I,O,train
350,last,O,train
350,visited,O,train
350,Vienna,B-LOCATION,train
350,,O,train
350,nineteen,B-DATE,train
350,days,I-DATE,train
350,ago,I-DATE,train
350,.,O,train
351,The,O,train
351,files,O,train
351,were,O,train
351,archived,O,train
351,in,O,train
351,Dubai,B-LOCATION,train
351,,O,train
351,twenty-six,B-DATE,train
351,days,I-DATE,train
351,ago,I-DATE,train
351,.,O,train
352,She,O,train
352,went,O,train
352,to,O,train
352,San,B-LOCATION,train
352,Francisco,I-LOCATION,train
352,,O,train
352,yesterday,B-DATE,train
352,.,O,train
353,I,O,train
353,returned,O,train
353,from,O,train
353,Mexico,B-LOCATION,train
353,City,I-LOCATION,train
353,,O,train
353,twenty-one,B-DATE,train
353,days,I-DATE,train
353,ago,I-DATE,train
353,.,O,train
354,We,O,train
354,landed,O,train
354,in,O,train
354,Edinburgh,B-LOCATION,train
354,,O,train
354,a,B-DATE,train
354,week,I-DATE,train
354,ago,I-DATE,train
354,.,O,train
355,The,O,train
355,team,O,train
355,arrived,O,train
355,in,O,train
355,Doha,B-LOCATION,train
355,,O,train
355,five,B-DATE,train
355,days,I-DATE,train
355,ago,I-DATE,train
355,.,O,train
356,Our,O,train
356,boat,O,train
356,departed,O,train
356,Auckland,B-LOCATION,train
356,,O,train
356,twenty-seven,B-DATE,train
356,days,I-DATE,train
356,ago,I-DATE,train
356,.,O,train
357,I,O,train
357,presented,O,train
357,at,O,train
357,a,O,train
357,workshop,O,train
357,in,O,train
357,Warsaw,B-LOCATION,train
357,,O,train
357,two,B-DATE,train
357,days,I-DATE,train
357,ago,I-DATE,train
357,.,O,train
358,We,O,train
358,vacationed,O,train
358,in,O,train
358,Havana,B-LOCATION,train
358,,O,train
358,two,B-DATE,train
358,and,I-DATE,train
358,a,I-DATE,train
358,half,I-DATE,train
358,months,I-DATE,train
358,ago,I-DATE,train
358,.,O,train
359,The,O,test
359,event,O,test
359,was,O,test
359,hosted,O,test
359,in,O,test
359,Riyadh,B-LOCATION,test
359,,O,test
359,ten,B-DATE,test
359,days,I-DATE,test
359,ago,I-DATE,test
359,.,O,test
360,I,O,train
360,stayed,O,train
360,in,O,train
360,Reykjavik,B-LOCATION,train
360,,O,train
360,six,B-DATE,train
360,days,I-DATE,train
360,ago,I-DATE,train
360,.,O,train
361,The,O,test
361,client,O,test
361,arrived,O,test
361,from,O,test
361,Boston,B-LOCATION,test
361,,O,test
361,sixteen,B-DATE,test
361,days,I-DATE,test
361,ago,I-DATE,test
361,.,O,test
362,They,O,train
362,returned,O,train
362,from,O,train
362,Cairo,B-LOCATION,train
362,,O,train
362,four,B-DATE,train
362,weeks,I-DATE,train
362,ago,I-DATE,train
362,.,O,train
363,She,O,train
363,left,O,train
363,Beirut,B-LOCATION,train
363,,O,train
363,eighteen,B-DATE,train
363,days,I-DATE,train
363,ago,I-DATE,train
363,.,O,train
364,I,O,valid
364,flew,O,valid
364,into,O,valid
364,Casablanca,B-LOCATION,valid
364,,O,valid
364,twenty,B-DATE,valid
364,days,I-DATE,valid
364,ago,I-DATE,valid
364,.,O,valid
365,We,O,train
365,held,O,train
365,the,O,train
365,summit,O,train
365,in,O,train
365,Manila,B-LOCATION,train
365,,O,train
365,five,B-DATE,train
365,weeks,I-DATE,train
365,ago,I-DATE,train
365,.,O,train
366,The,O,train
366,launch,O,train
366,was,O,train
366,held,O,train
366,in,O,train
366,Abu,B-LOCATION,train
366,Dhabi,I-LOCATION,train
366,,O,train
366,twenty-five,B-DATE,train
366,days,I-DATE,train
366,ago,I-DATE,train
366,.,O,train
367,I,O,train
367,last,O,train
367,saw,O,train
367,her,O,train
367,in,O,train
367,Colombo,B-LOCATION,train
367,,O,train
367,twenty-three,B-DATE,train
367,days,I-DATE,train
367,ago,I-DATE,train
367,.,O,train
368,The,O,test
368,report,O,test
368,was,O,test
368,finalized,O,test
368,in,O,test
368,Accra,B-LOCATION,test
368,,O,test
368,nine,B-DATE,test
368,days,I-DATE,test
368,ago,I-DATE,test
368,.,O,test
369,We,O,train
369,drove,O,train
369,from,O,train
369,Perth,B-LOCATION,train
369,,O,train
369,to,O,train
369,Darwin,B-LOCATION,train
369,,O,train
369,twenty-two,B-DATE,train
369,days,I-DATE,train
369,ago,I-DATE,train
369,.,O,train
370,The,O,train
370,concert,O,train
370,in,O,train
370,Barcelona,B-LOCATION,train
370,,O,train
370,happened,O,train
370,thirteen,B-DATE,train
370,days,I-DATE,train
370,ago,I-DATE,train
370,.,O,train
371,She,O,train
371,moved,O,train
371,to,O,train
371,Melbourne,B-LOCATION,train
371,,O,train
371,two,B-DATE,train
371,months,I-DATE,train
371,ago,I-DATE,train
371,.,O,train
372,We,O,train
372,landed,O,train
372,in,O,train
372,Singapore,B-LOCATION,train
372,,O,train
372,three,B-DATE,train
372,days,I-DATE,train
372,ago,I-DATE,train
372,.,O,train
373,He,O,train
373,left,O,train
373,Islamabad,B-LOCATION,train
373,,O,train
373,eleven,B-DATE,train
373,days,I-DATE,train
373,ago,I-DATE,train
373,.,O,train
374,The,O,train
374,conference,O,train
374,in,O,train
374,Venice,B-LOCATION,train
374,,O,train
374,ended,O,train
374,sixteen,B-DATE,train
374,days,I-DATE,train
374,ago,I-DATE,train
374,.,O,train
375,I,O,train
375,visited,O,train
375,Panama,B-LOCATION,train
375,City,I-LOCATION,train
375,,O,train
375,two,B-DATE,train
375,months,I-DATE,train
375,ago,I-DATE,train
375,.,O,train
376,Our,O,train
376,meeting,O,train
376,in,O,train
376,Chicago,B-LOCATION,train
376,,O,train
376,was,O,train
376,held,O,train
376,five,B-DATE,train
376,days,I-DATE,train
376,ago,I-DATE,train
376,.,O,train
377,She,O,test
377,arrived,O,test
377,in,O,test
377,Havana,B-LOCATION,test
377,,O,test
377,four,B-DATE,test
377,days,I-DATE,test
377,ago,I-DATE,test
377,.,O,test
378,The,O,train
378,team,O,train
378,left,O,train
378,Managua,B-LOCATION,train
378,,O,train
378,twenty-three,B-DATE,train
378,days,I-DATE,train
378,ago,I-DATE,train
378,.,O,train
379,He,O,train
379,returned,O,train
379,from,O,train
379,Toronto,B-LOCATION,train
379,,O,train
379,eight,B-DATE,train
379,days,I-DATE,train
379,ago,I-DATE,train
379,.,O,train
380,We,O,valid
380,explored,O,valid
380,Petra,B-LOCATION,valid
380,,O,valid
380,seven,B-DATE,valid
380,weeks,I-DATE,valid
380,ago,I-DATE,valid
380,.,O,valid
381,The,O,train
381,deal,O,train
381,in,O,train
381,Geneva,B-LOCATION,train
381,,O,train
381,was,O,train
381,finalized,O,train
381,eighteen,B-DATE,train
381,days,I-DATE,train
381,ago,I-DATE,train
381,.,O,train
382,They,O,test
382,visited,O,test
382,Skopje,B-LOCATION,test
382,,O,test
382,twenty-one,B-DATE,test
382,days,I-DATE,test
382,ago,I-DATE,test
382,.,O,test
383,I,O,train
383,was,O,train
383,in,O,train
383,Vilnius,B-LOCATION,train
383,,O,train
383,six,B-DATE,train
383,days,I-DATE,train
383,ago,I-DATE,train
383,.,O,train
384,She,O,valid
384,flew,O,valid
384,from,O,valid
384,Belgrade,B-LOCATION,valid
384,,O,valid
384,twenty,B-DATE,valid
384,days,I-DATE,valid
384,ago,I-DATE,valid
384,.,O,valid
385,He,O,test
385,arrived,O,test
385,in,O,test
385,Amman,B-LOCATION,test
385,,O,test
385,ten,B-DATE,test
385,days,I-DATE,test
385,ago,I-DATE,test
385,.,O,test
386,The,O,valid
386,event,O,valid
386,in,O,valid
386,Kathmandu,B-LOCATION,valid
386,,O,valid
386,happened,O,valid
386,fifteen,B-DATE,valid
386,days,I-DATE,valid
386,ago,I-DATE,valid
386,.,O,valid
387,We,O,train
387,left,O,train
387,Tunis,B-LOCATION,train
387,,O,train
387,one,B-DATE,train
387,month,I-DATE,train
387,ago,I-DATE,train
387,.,O,train
388,The,O,train
388,seminar,O,train
388,in,O,train
388,Luanda,B-LOCATION,train
388,,O,train
388,took,O,train
388,place,O,train
388,twenty-six,B-DATE,train
388,days,I-DATE,train
388,ago,I-DATE,train
388,.,O,train
389,She,O,train
389,traveled,O,train
389,to,O,train
389,Kampala,B-LOCATION,train
389,,O,train
389,two,B-DATE,train
389,days,I-DATE,train
389,ago,I-DATE,train
389,.,O,train
390,The,O,train
390,office,O,train
390,in,O,train
390,Porto,B-LOCATION,train
390,,O,train
390,reopened,O,train
390,twelve,B-DATE,train
390,days,I-DATE,train
390,ago,I-DATE,train
390,.,O,train
391,He,O,train
391,vacationed,O,train
391,in,O,train
391,Montevideo,B-LOCATION,train
391,,O,train
391,four,B-DATE,train
391,weeks,I-DATE,train
391,ago,I-DATE,train
391,.,O,train
392,We,O,train
392,met,O,train
392,in,O,train
392,Santo,B-LOCATION,train
392,Domingo,I-LOCATION,train
392,,O,train
392,nineteen,B-DATE,train
392,days,I-DATE,train
392,ago,I-DATE,train
392,.,O,train
393,The,O,valid
393,workshop,O,valid
393,in,O,valid
393,Riga,B-LOCATION,valid
393,,O,valid
393,started,O,valid
393,thirteen,B-DATE,valid
393,days,I-DATE,valid
393,ago,I-DATE,valid
393,.,O,valid
394,She,O,train
394,left,O,train
394,Yerevan,B-LOCATION,train
394,,O,train
394,seventeen,B-DATE,train
394,days,I-DATE,train
394,ago,I-DATE,train
394,.,O,train
395,We,O,test
395,landed,O,test
395,in,O,test
395,Doha,B-LOCATION,test
395,,O,test
395,yesterday,B-DATE,test
395,.,O,test
396,I,O,train
396,went,O,train
396,to,O,train
396,Rabat,B-LOCATION,train
396,,O,train
396,a,B-DATE,train
396,week,I-DATE,train
396,ago,I-DATE,train
396,.,O,train
397,The,O,train
397,festival,O,train
397,in,O,train
397,Reykjavik,B-LOCATION,train
397,,O,train
397,ended,O,train
397,nine,B-DATE,train
397,days,I-DATE,train
397,ago,I-DATE,train
397,.,O,train
398,He,O,train
398,traveled,O,train
398,to,O,train
398,Canberra,B-LOCATION,train
398,,O,train
398,five,B-DATE,train
398,weeks,I-DATE,train
398,ago,I-DATE,train
398,.,O,train
399,The,O,train
399,exhibition,O,train
399,in,O,train
399,Valletta,B-LOCATION,train
399,,O,train
399,opened,O,train
399,fourteen,B-DATE,train
399,days,I-DATE,train
399,ago,I-DATE,train
399,.,O,train
400,We,O,train
400,returned,O,train
400,from,O,train
400,Tbilisi,B-LOCATION,train
400,,O,train
400,twenty-two,B-DATE,train
400,days,I-DATE,train
400,ago,I-DATE,train
400,.,O,train
401,She,O,test
401,went,O,test
401,to,O,test
401,San,B-LOCATION,test
401,José,I-LOCATION,test
401,,O,test
401,twenty-five,B-DATE,test
401,days,I-DATE,test
401,ago,I-DATE,test
401,.,O,test
402,He,O,train
402,was,O,train
402,in,O,train
402,Bangui,B-LOCATION,train
402,,O,train
402,twenty-seven,B-DATE,train
402,days,I-DATE,train
402,ago,I-DATE,train
402,.,O,train
403,I,O,test
403,visited,O,test
403,Ljubljana,B-LOCATION,test
403,,O,test
403,twenty-three,B-DATE,test
403,days,I-DATE,test
403,ago,I-DATE,test
403,.,O,test
404,They,O,valid
404,moved,O,valid
404,to,O,valid
404,Podgorica,B-LOCATION,valid
404,,O,valid
404,two,B-DATE,valid
404,months,I-DATE,valid
404,ago,I-DATE,valid
404,.,O,valid
405,We,O,train
405,had,O,train
405,lunch,O,train
405,in,O,train
405,Asunción,B-LOCATION,train
405,,O,train
405,fifteen,B-DATE,train
405,days,I-DATE,train
405,ago,I-DATE,train
405,.,O,train
406,The,O,train
406,team,O,train
406,left,O,train
406,Suva,B-LOCATION,train
406,,O,train
406,twenty-one,B-DATE,train
406,days,I-DATE,train
406,ago,I-DATE,train
406,.,O,train
407,She,O,train
407,studied,O,train
407,in,O,train
407,Dhaka,B-LOCATION,train
407,,O,train
407,three,B-DATE,train
407,months,I-DATE,train
407,ago,I-DATE,train
407,.,O,train
408,The,O,train
408,session,O,train
408,in,O,train
408,Islamabad,B-LOCATION,train
408,,O,train
408,ended,O,train
408,eighteen,B-DATE,train
408,days,I-DATE,train
408,ago,I-DATE,train
408,.,O,train
409,He,O,train
409,left,O,train
409,Thimphu,B-LOCATION,train
409,,O,train
409,sixteen,B-DATE,train
409,days,I-DATE,train
409,ago,I-DATE,train
409,.,O,train
410,We,O,train
410,landed,O,train
410,in,O,train
410,Nouakchott,B-LOCATION,train
410,,O,train
410,yesterday,B-DATE,train
410,.,O,train
411,The,O,train
411,agreement,O,train
411,was,O,train
411,signed,O,train
411,in,O,train
411,Doha,B-LOCATION,train
411,,O,train
411,five,B-DATE,train
411,days,I-DATE,train
411,ago,I-DATE,train
411,.,O,train
412,The,O,train
412,minister,O,train
412,visited,O,train
412,Minsk,B-LOCATION,train
412,,O,train
412,four,B-DATE,train
412,days,I-DATE,train
412,ago,I-DATE,train
412,.,O,train
413,I,O,train
413,flew,O,train
413,into,O,train
413,Kuwait,B-LOCATION,train
413,City,I-LOCATION,train
413,,O,train
413,twenty-four,B-DATE,train
413,days,I-DATE,train
413,ago,I-DATE,train
413,.,O,train
414,They,O,train
414,attended,O,train
414,a,O,train
414,summit,O,train
414,in,O,train
414,Baghdad,B-LOCATION,train
414,,O,train
414,twenty-six,B-DATE,train
414,days,I-DATE,train
414,ago,I-DATE,train
414,.,O,train
415,The,O,train
415,program,O,train
415,in,O,train
415,Honiara,B-LOCATION,train
415,,O,train
415,began,O,train
415,two,B-DATE,train
415,days,I-DATE,train
415,ago,I-DATE,train
415,.,O,train
416,She,O,train
416,came,O,train
416,back,O,train
416,from,O,train
416,Baku,B-LOCATION,train
416,,O,train
416,nine,B-DATE,train
416,days,I-DATE,train
416,ago,I-DATE,train
416,.,O,train
417,The,O,train
417,package,O,train
417,from,O,train
417,Tehran,B-LOCATION,train
417,,O,train
417,arrived,O,train
417,nineteen,B-DATE,train
417,days,I-DATE,train
417,ago,I-DATE,train
417,.,O,train
418,I,O,train
418,traveled,O,train
418,to,O,train
418,Gaborone,B-LOCATION,train
418,,O,train
418,four,B-DATE,train
418,weeks,I-DATE,train
418,ago,I-DATE,train
418,.,O,train
419,We,O,train
419,ended,O,train
419,the,O,train
419,road,O,train
419,trip,O,train
419,in,O,train
419,Ulaanbaatar,B-LOCATION,train
419,,O,train
419,ten,B-DATE,train
419,days,I-DATE,train
419,ago,I-DATE,train
419,.,O,train
